antecedents,consequents,antecedent support,consequent support,support,confidence,lift,representativity,leverage,conviction,zhangs_metric,jaccard,certainty,kulczynski
frozenset({'ALARM CLOCK BAKELIKE RED'}),"frozenset({'POSTAGE', 'ALARM CLOCK BAKELIKE GREEN'})",0.09438775510204081,0.08418367346938775,0.07142857142857142,0.7567567567567568,8.98935298935299,1.0,0.06348266347355268,3.7650226757369625,0.9813883299798791,0.6666666666666667,0.7343973499962358,0.8026208026208026
"frozenset({'POSTAGE', 'ALARM CLOCK BAKELIKE GREEN'})",frozenset({'ALARM CLOCK BAKELIKE RED'}),0.08418367346938775,0.09438775510204081,0.07142857142857142,0.8484848484848485,8.98935298935299,1.0,0.06348266347355268,5.977040816326531,0.9704536410664543,0.6666666666666667,0.8326931284677764,0.8026208026208026
frozenset({'ALARM CLOCK BAKELIKE GREEN'}),frozenset({'ALARM CLOCK BAKELIKE RED'}),0.09693877551020408,0.09438775510204081,0.07908163265306123,0.8157894736842106,8.642958748221908,1.0,0.06993179925031237,4.916180758017496,0.979223619464188,0.7045454545454547,0.7965900667160861,0.8268136557610243
frozenset({'ALARM CLOCK BAKELIKE RED'}),frozenset({'ALARM CLOCK BAKELIKE GREEN'}),0.09438775510204081,0.09693877551020408,0.07908163265306123,0.8378378378378379,8.642958748221908,1.0,0.06993179925031237,5.568877551020412,0.9764652430713312,0.7045454545454547,0.8204306000916172,0.8268136557610243
"frozenset({'ALARM CLOCK BAKELIKE RED', 'POSTAGE'})",frozenset({'ALARM CLOCK BAKELIKE GREEN'}),0.08673469387755102,0.09693877551020408,0.07142857142857142,0.8235294117647058,8.495356037151703,1.0,0.06302061640982923,5.117346938775509,0.9660814046288906,0.6363636363636364,0.8045862412761715,0.7801857585139318
frozenset({'ALARM CLOCK BAKELIKE GREEN'}),"frozenset({'ALARM CLOCK BAKELIKE RED', 'POSTAGE'})",0.09693877551020408,0.08673469387755102,0.07142857142857142,0.7368421052631579,8.495356037151703,1.0,0.06302061640982923,3.470408163265305,0.9769975786924938,0.6363636363636364,0.7118494560423404,0.7801857585139318
frozenset({'ALARM CLOCK BAKELIKE RED'}),frozenset({'ALARM CLOCK BAKELIKE PINK'}),0.09438775510204081,0.10204081632653061,0.07397959183673469,0.7837837837837838,7.681081081081081,1.0,0.0643481882548938,4.153061224489796,0.9604662457503643,0.6041666666666666,0.7592137592137592,0.7543918918918919
frozenset({'ALARM CLOCK BAKELIKE PINK'}),frozenset({'ALARM CLOCK BAKELIKE RED'}),0.10204081632653061,0.09438775510204081,0.07397959183673469,0.725,7.681081081081081,1.0,0.0643481882548938,3.293135435992579,0.968652037617555,0.6041666666666666,0.696338028169014,0.7543918918918919
frozenset({'SET/6 RED SPOTTY PAPER PLATES'}),"frozenset({'SET/6 RED SPOTTY PAPER CUPS', 'SET/20 RED RETROSPOT PAPER NAPKINS'})",0.12755102040816327,0.10204081632653061,0.09948979591836735,0.78,7.644,1.0,0.0864743856726364,4.081632653061225,0.9962513120407858,0.7647058823529411,0.755,0.8775
"frozenset({'SET/6 RED SPOTTY PAPER CUPS', 'SET/20 RED RETROSPOT PAPER NAPKINS'})",frozenset({'SET/6 RED SPOTTY PAPER PLATES'}),0.10204081632653061,0.12755102040816327,0.09948979591836735,0.975,7.643999999999999,1.0,0.0864743856726364,34.89795918367344,0.967948717948718,0.7647058823529411,0.9713450292397661,0.8775
frozenset({'SET/6 RED SPOTTY PAPER PLATES'}),"frozenset({'POSTAGE', 'SET/6 RED SPOTTY PAPER CUPS', 'SET/20 RED RETROSPOT PAPER NAPKINS'})",0.12755102040816327,0.08418367346938775,0.08163265306122448,0.6399999999999999,7.602424242424242,1.0,0.07089493960849645,2.543934240362811,0.9954312865497075,0.6274509803921567,0.6069080779944289,0.8048484848484847
"frozenset({'POSTAGE', 'SET/6 RED SPOTTY PAPER CUPS', 'SET/20 RED RETROSPOT PAPER NAPKINS'})",frozenset({'SET/6 RED SPOTTY PAPER PLATES'}),0.08418367346938775,0.12755102040816327,0.08163265306122448,0.9696969696969696,7.602424242424242,1.0,0.07089493960849645,28.790816326530532,0.9482938718662952,0.6274509803921567,0.9652667021088073,0.8048484848484847
frozenset({'ALARM CLOCK BAKELIKE PINK'}),frozenset({'ALARM CLOCK BAKELIKE GREEN'}),0.10204081632653061,0.09693877551020408,0.07397959183673469,0.725,7.478947368421053,1.0,0.06408788004997917,3.283858998144712,0.9647335423197493,0.5918367346938775,0.6954802259887004,0.7440789473684211
frozenset({'ALARM CLOCK BAKELIKE GREEN'}),frozenset({'ALARM CLOCK BAKELIKE PINK'}),0.09693877551020408,0.10204081632653061,0.07397959183673469,0.7631578947368421,7.478947368421053,1.0,0.06408788004997917,3.7913832199546493,0.959283070329242,0.5918367346938775,0.736244019138756,0.7440789473684211
"frozenset({'SET/6 RED SPOTTY PAPER CUPS', 'SET/20 RED RETROSPOT PAPER NAPKINS'})","frozenset({'POSTAGE', 'SET/6 RED SPOTTY PAPER PLATES'})",0.10204081632653061,0.10714285714285714,0.08163265306122448,0.7999999999999999,7.466666666666667,1.0,0.0706997084548105,4.464285714285713,0.9644886363636365,0.6399999999999998,0.7759999999999999,0.7809523809523808
"frozenset({'POSTAGE', 'SET/6 RED SPOTTY PAPER PLATES'})","frozenset({'SET/6 RED SPOTTY PAPER CUPS', 'SET/20 RED RETROSPOT PAPER NAPKINS'})",0.10714285714285714,0.10204081632653061,0.08163265306122448,0.7619047619047619,7.466666666666666,1.0,0.0706997084548105,3.771428571428571,0.97,0.6399999999999998,0.7348484848484848,0.7809523809523808
frozenset({'SET/6 RED SPOTTY PAPER CUPS'}),"frozenset({'SET/6 RED SPOTTY PAPER PLATES', 'SET/20 RED RETROSPOT PAPER NAPKINS'})",0.1377551020408163,0.10204081632653061,0.09948979591836735,0.7222222222222223,7.077777777777778,1.0,0.08543315285297792,3.232653061224491,0.9959035047792445,0.7090909090909091,0.6906565656565657,0.8486111111111112
"frozenset({'SET/6 RED SPOTTY PAPER PLATES', 'SET/20 RED RETROSPOT PAPER NAPKINS'})",frozenset({'SET/6 RED SPOTTY PAPER CUPS'}),0.10204081632653061,0.1377551020408163,0.09948979591836735,0.975,7.077777777777778,1.0,0.08543315285297792,34.489795918367314,0.9562937062937062,0.7090909090909091,0.9710059171597633,0.8486111111111112
frozenset({'SET/6 RED SPOTTY PAPER CUPS'}),"frozenset({'POSTAGE', 'SET/6 RED SPOTTY PAPER PLATES', 'SET/20 RED RETROSPOT PAPER NAPKINS'})",0.1377551020408163,0.08418367346938775,0.08163265306122448,0.5925925925925926,7.0392817059483725,1.0,0.07003592253227821,2.24791280148423,0.9950073964497042,0.5818181818181817,0.5551428866192097,0.7811447811447811
"frozenset({'POSTAGE', 'SET/6 RED SPOTTY PAPER PLATES', 'SET/20 RED RETROSPOT PAPER NAPKINS'})",frozenset({'SET/6 RED SPOTTY PAPER CUPS'}),0.08418367346938775,0.1377551020408163,0.08163265306122448,0.9696969696969696,7.0392817059483725,1.0,0.07003592253227821,28.454081632652983,0.9368036211699163,0.5818181818181817,0.9648556571633494,0.7811447811447811
frozenset({'SET/6 RED SPOTTY PAPER PLATES'}),frozenset({'SET/6 RED SPOTTY PAPER CUPS'}),0.12755102040816327,0.1377551020408163,0.12244897959183673,0.96,6.968888888888889,1.0,0.10487817576009996,21.556122448979572,0.9817251461988304,0.8571428571428573,0.9536094674556213,0.9244444444444444
frozenset({'SET/6 RED SPOTTY PAPER CUPS'}),frozenset({'SET/6 RED SPOTTY PAPER PLATES'}),0.1377551020408163,0.12755102040816327,0.12244897959183673,0.888888888888889,6.968888888888889,1.0,0.10487817576009996,7.852040816326535,0.9933431952662722,0.8571428571428573,0.8726445743989605,0.9244444444444444
frozenset({'SET/6 RED SPOTTY PAPER CUPS'}),"frozenset({'POSTAGE', 'SET/6 RED SPOTTY PAPER PLATES'})",0.1377551020408163,0.10714285714285714,0.10204081632653061,0.7407407407407408,6.913580246913582,1.0,0.08728134110787172,3.4438775510204094,0.9920118343195267,0.7142857142857143,0.7096296296296297,0.8465608465608466
"frozenset({'POSTAGE', 'SET/6 RED SPOTTY PAPER PLATES'})",frozenset({'SET/6 RED SPOTTY PAPER CUPS'}),0.10714285714285714,0.1377551020408163,0.10204081632653061,0.9523809523809524,6.913580246913582,1.0,0.08728134110787172,18.10714285714288,0.958,0.7142857142857143,0.9447731755424064,0.8465608465608466
frozenset({'SET/6 RED SPOTTY PAPER PLATES'}),"frozenset({'POSTAGE', 'SET/6 RED SPOTTY PAPER CUPS'})",0.12755102040816327,0.11734693877551021,0.10204081632653061,0.8,6.817391304347826,1.0,0.08707309454394002,4.41326530612245,0.9780701754385964,0.7142857142857143,0.7734104046242776,0.8347826086956522
"frozenset({'POSTAGE', 'SET/6 RED SPOTTY PAPER CUPS'})",frozenset({'SET/6 RED SPOTTY PAPER PLATES'}),0.11734693877551021,0.12755102040816327,0.10204081632653061,0.8695652173913043,6.817391304347826,1.0,0.08707309454394002,6.6887755102040805,0.9667630057803468,0.7142857142857143,0.8504958047292143,0.8347826086956522
"frozenset({'POSTAGE', 'SET/6 RED SPOTTY PAPER CUPS'})","frozenset({'SET/6 RED SPOTTY PAPER PLATES', 'SET/20 RED RETROSPOT PAPER NAPKINS'})",0.11734693877551021,0.10204081632653061,0.08163265306122448,0.6956521739130433,6.817391304347825,1.0,0.06965847563515201,2.9504373177842553,0.9667630057803467,0.5925925925925923,0.6610671936758892,0.7478260869565216
"frozenset({'SET/6 RED SPOTTY PAPER PLATES', 'SET/20 RED RETROSPOT PAPER NAPKINS'})","frozenset({'POSTAGE', 'SET/6 RED SPOTTY PAPER CUPS'})",0.10204081632653061,0.11734693877551021,0.08163265306122448,0.7999999999999999,6.817391304347825,1.0,0.06965847563515201,4.413265306122447,0.9502840909090909,0.5925925925925923,0.7734104046242773,0.7478260869565216
"frozenset({'SET/6 RED SPOTTY PAPER CUPS', 'SET/6 RED SPOTTY PAPER PLATES'})",frozenset({'SET/20 RED RETROSPOT PAPER NAPKINS'}),0.12244897959183673,0.1326530612244898,0.09948979591836735,0.8125,6.125,1.0,0.08324656393169513,4.625850340136054,0.9534883720930234,0.6393442622950819,0.7838235294117647,0.78125
frozenset({'SET/20 RED RETROSPOT PAPER NAPKINS'}),"frozenset({'SET/6 RED SPOTTY PAPER CUPS', 'SET/6 RED SPOTTY PAPER PLATES'})",0.1326530612244898,0.12244897959183673,0.09948979591836735,0.75,6.125,1.0,0.08324656393169513,3.510204081632653,0.9647058823529413,0.6393442622950819,0.7151162790697674,0.78125
"frozenset({'POSTAGE', 'SET/20 RED RETROSPOT PAPER NAPKINS'})","frozenset({'SET/6 RED SPOTTY PAPER CUPS', 'SET/6 RED SPOTTY PAPER PLATES'})",0.1096938775510204,0.12244897959183673,0.08163265306122448,0.7441860465116279,6.077519379844961,1.0,0.06820074968763015,3.430426716141002,0.9383954154727794,0.5423728813559321,0.7084910762574365,0.7054263565891472
"frozenset({'SET/6 RED SPOTTY PAPER CUPS', 'SET/6 RED SPOTTY PAPER PLATES'})","frozenset({'POSTAGE', 'SET/20 RED RETROSPOT PAPER NAPKINS'})",0.12244897959183673,0.1096938775510204,0.08163265306122448,0.6666666666666666,6.077519379844961,1.0,0.06820074968763015,2.6709183673469385,0.9520348837209304,0.5423728813559321,0.6255969436485195,0.7054263565891472
frozenset({'SET/6 RED SPOTTY PAPER PLATES'}),frozenset({'SET/20 RED RETROSPOT PAPER NAPKINS'}),0.12755102040816327,0.1326530612244898,0.10204081632653061,0.8,6.030769230769231,1.0,0.08512078300708038,4.336734693877552,0.956140350877193,0.6451612903225806,0.7694117647058824,0.7846153846153846
"frozenset({'POSTAGE', 'SET/6 RED SPOTTY PAPER CUPS', 'SET/6 RED SPOTTY PAPER PLATES'})",frozenset({'SET/20 RED RETROSPOT PAPER NAPKINS'}),0.10204081632653061,0.1326530612244898,0.08163265306122448,0.7999999999999999,6.03076923076923,1.0,0.0680966264056643,4.336734693877549,0.9289772727272728,0.5333333333333333,0.7694117647058822,0.7076923076923076
frozenset({'SET/20 RED RETROSPOT PAPER NAPKINS'}),"frozenset({'POSTAGE', 'SET/6 RED SPOTTY PAPER CUPS', 'SET/6 RED SPOTTY PAPER PLATES'})",0.1326530612244898,0.10204081632653061,0.08163265306122448,0.6153846153846153,6.03076923076923,1.0,0.0680966264056643,2.33469387755102,0.961764705882353,0.5333333333333333,0.5716783216783216,0.7076923076923076
frozenset({'SET/20 RED RETROSPOT PAPER NAPKINS'}),frozenset({'SET/6 RED SPOTTY PAPER PLATES'}),0.1326530612244898,0.12755102040816327,0.10204081632653061,0.7692307692307692,6.03076923076923,1.0,0.08512078300708038,3.780612244897958,0.9617647058823529,0.6451612903225806,0.7354925775978407,0.7846153846153846
"frozenset({'POSTAGE', 'SET/20 RED RETROSPOT PAPER NAPKINS'})",frozenset({'SET/6 RED SPOTTY PAPER PLATES'}),0.1096938775510204,0.12755102040816327,0.08418367346938775,0.7674418604651163,6.016744186046512,1.0,0.07019210745522698,3.7515306122448986,0.9365286098810455,0.5499999999999999,0.7334421324629403,0.7137209302325581
frozenset({'SET/6 RED SPOTTY PAPER PLATES'}),"frozenset({'POSTAGE', 'SET/20 RED RETROSPOT PAPER NAPKINS'})",0.12755102040816327,0.1096938775510204,0.08418367346938775,0.6599999999999999,6.016744186046511,1.0,0.07019210745522698,2.6185474189675864,0.9556973241183767,0.5499999999999999,0.6181088825214899,0.7137209302325581
frozenset({'SET/20 RED RETROSPOT PAPER NAPKINS'}),"frozenset({'POSTAGE', 'SET/6 RED SPOTTY PAPER PLATES'})",0.1326530612244898,0.10714285714285714,0.08418367346938775,0.6346153846153846,5.923076923076923,1.0,0.06997084548104957,2.443609022556391,0.958288770053476,0.5409836065573771,0.5907692307692307,0.7101648351648351
"frozenset({'POSTAGE', 'SET/6 RED SPOTTY PAPER PLATES'})",frozenset({'SET/20 RED RETROSPOT PAPER NAPKINS'}),0.10714285714285714,0.1326530612244898,0.08418367346938775,0.7857142857142857,5.9230769230769225,1.0,0.06997084548104957,4.0476190476190474,0.930909090909091,0.5409836065573771,0.7529411764705882,0.7101648351648351
frozenset({'SPACEBOY LUNCH BOX'}),frozenset({'DOLLY GIRL LUNCH BOX'}),0.125,0.09948979591836735,0.07142857142857142,0.5714285714285714,5.743589743589744,1.0,0.0589923469387755,2.101190476190476,0.943877551020408,0.4666666666666666,0.5240793201133144,0.6446886446886446
frozenset({'DOLLY GIRL LUNCH BOX'}),frozenset({'SPACEBOY LUNCH BOX'}),0.09948979591836735,0.125,0.07142857142857142,0.717948717948718,5.743589743589744,1.0,0.0589923469387755,3.1022727272727275,0.9171388101983002,0.4666666666666666,0.6776556776556777,0.6446886446886446
frozenset({'SET/20 RED RETROSPOT PAPER NAPKINS'}),frozenset({'SET/6 RED SPOTTY PAPER CUPS'}),0.1326530612244898,0.1377551020408163,0.10204081632653061,0.7692307692307692,5.584045584045584,1.0,0.08376718034152436,3.7363945578231283,0.9464705882352941,0.606060606060606,0.732362312243969,0.754985754985755
frozenset({'SET/6 RED SPOTTY PAPER CUPS'}),frozenset({'SET/20 RED RETROSPOT PAPER NAPKINS'}),0.1377551020408163,0.1326530612244898,0.10204081632653061,0.7407407407407408,5.584045584045584,1.0,0.08376718034152436,3.3454810495626828,0.9520710059171598,0.606060606060606,0.7010893246187364,0.754985754985755
"frozenset({'POSTAGE', 'SET/20 RED RETROSPOT PAPER NAPKINS'})",frozenset({'SET/6 RED SPOTTY PAPER CUPS'}),0.1096938775510204,0.1377551020408163,0.08418367346938775,0.7674418604651163,5.5710594315245485,1.0,0.06907278217409413,3.7076530612244905,0.9215941651471738,0.5156250000000001,0.7302876014861704,0.6892764857881137
frozenset({'SET/6 RED SPOTTY PAPER CUPS'}),"frozenset({'POSTAGE', 'SET/20 RED RETROSPOT PAPER NAPKINS'})",0.1377551020408163,0.1096938775510204,0.08418367346938775,0.6111111111111112,5.5710594315245485,1.0,0.06907278217409413,2.2893586005830904,0.9515868746637979,0.5156250000000001,0.5631964342566063,0.6892764857881137
frozenset({'SET/20 RED RETROSPOT PAPER NAPKINS'}),"frozenset({'POSTAGE', 'SET/6 RED SPOTTY PAPER CUPS'})",0.1326530612244898,0.11734693877551021,0.08418367346938775,0.6346153846153846,5.408026755852842,1.0,0.06861724281549354,2.4156820622986035,0.9397504456327986,0.5076923076923077,0.5860382392174299,0.6760033444816054
"frozenset({'POSTAGE', 'SET/6 RED SPOTTY PAPER CUPS'})",frozenset({'SET/20 RED RETROSPOT PAPER NAPKINS'}),0.11734693877551021,0.1326530612244898,0.08418367346938775,0.717391304347826,5.408026755852842,1.0,0.06861724281549354,3.069073783359497,0.9234541951304958,0.5076923076923077,0.6741687979539641,0.6760033444816054
frozenset({'PLASTERS IN TIN WOODLAND ANIMALS'}),frozenset({'PLASTERS IN TIN SPACEBOY'}),0.17091836734693877,0.1377551020408163,0.10459183673469388,0.6119402985074628,4.442233278054175,1.0,0.08104695960016661,2.2219387755102047,0.9346341463414636,0.5125000000000001,0.5499425947187142,0.6855997788833611
frozenset({'PLASTERS IN TIN SPACEBOY'}),frozenset({'PLASTERS IN TIN WOODLAND ANIMALS'}),0.1377551020408163,0.17091836734693877,0.10459183673469388,0.7592592592592594,4.442233278054174,1.0,0.08104695960016661,3.4438775510204103,0.8986866791744842,0.5125000000000001,0.7096296296296298,0.6855997788833611
frozenset({'PLASTERS IN TIN SPACEBOY'}),"frozenset({'POSTAGE', 'PLASTERS IN TIN WOODLAND ANIMALS'})",0.1377551020408163,0.1377551020408163,0.08418367346938775,0.6111111111111112,4.436213991769548,1.0,0.06520720533111204,2.2172011661807582,0.8983324367939755,0.44000000000000006,0.5489809335963183,0.6111111111111112
"frozenset({'POSTAGE', 'PLASTERS IN TIN WOODLAND ANIMALS'})",frozenset({'PLASTERS IN TIN SPACEBOY'}),0.1377551020408163,0.1377551020408163,0.08418367346938775,0.6111111111111112,4.436213991769548,1.0,0.06520720533111204,2.2172011661807582,0.8983324367939755,0.44000000000000006,0.5489809335963183,0.6111111111111112
"frozenset({'PLASTERS IN TIN SPACEBOY', 'POSTAGE'})",frozenset({'PLASTERS IN TIN WOODLAND ANIMALS'}),0.11479591836734694,0.17091836734693877,0.08418367346938775,0.7333333333333333,4.290547263681592,1.0,0.06456294252394836,3.109056122448979,0.8663872150903851,0.41772151898734183,0.6783589743589743,0.6129353233830845
frozenset({'PLASTERS IN TIN WOODLAND ANIMALS'}),"frozenset({'PLASTERS IN TIN SPACEBOY', 'POSTAGE'})",0.17091836734693877,0.11479591836734694,0.08418367346938775,0.4925373134328358,4.290547263681591,1.0,0.06456294252394836,1.74437274909964,0.9250349650349651,0.41772151898734183,0.4267280313131747,0.6129353233830845
frozenset({'PLASTERS IN TIN CIRCUS PARADE'}),frozenset({'PLASTERS IN TIN SPACEBOY'}),0.1683673469387755,0.1377551020408163,0.08928571428571429,0.5303030303030304,3.849607182940517,1.0,0.06609225322782175,1.8357472021066494,0.890096406660824,0.411764705882353,0.4552626860319169,0.5892255892255893
frozenset({'PLASTERS IN TIN SPACEBOY'}),frozenset({'PLASTERS IN TIN CIRCUS PARADE'}),0.1377551020408163,0.1683673469387755,0.08928571428571429,0.6481481481481483,3.849607182940517,1.0,0.06609225322782175,2.36358754027927,0.8584953508030432,0.411764705882353,0.5769143376505341,0.5892255892255893
frozenset({'PLASTERS IN TIN CIRCUS PARADE'}),"frozenset({'PLASTERS IN TIN SPACEBOY', 'POSTAGE'})",0.1683673469387755,0.11479591836734694,0.07397959183673469,0.4393939393939394,3.8276094276094277,1.0,0.05465170762182424,1.5790126861555436,0.8883012481489317,0.35365853658536583,0.36669286525194306,0.5419191919191919
"frozenset({'PLASTERS IN TIN SPACEBOY', 'POSTAGE'})",frozenset({'PLASTERS IN TIN CIRCUS PARADE'}),0.11479591836734694,0.1683673469387755,0.07397959183673469,0.6444444444444444,3.8276094276094272,1.0,0.05465170762182424,2.338966836734693,0.8345423829871806,0.35365853658536583,0.5724608043626448,0.5419191919191919
frozenset({'PLASTERS IN TIN CIRCUS PARADE'}),"frozenset({'POSTAGE', 'PLASTERS IN TIN WOODLAND ANIMALS'})",0.1683673469387755,0.1377551020408163,0.08418367346938775,0.5,3.62962962962963,1.0,0.060990212411495215,1.7244897959183674,0.8711656441717793,0.3793103448275862,0.4201183431952663,0.5555555555555556
frozenset({'PLASTERS IN TIN SPACEBOY'}),"frozenset({'POSTAGE', 'PLASTERS IN TIN CIRCUS PARADE'})",0.1377551020408163,0.14795918367346939,0.07397959183673469,0.5370370370370371,3.62962962962963,1.0,0.05359745939192004,1.8404081632653064,0.8402366863905326,0.3493975903614458,0.45664227101352856,0.5185185185185186
"frozenset({'POSTAGE', 'PLASTERS IN TIN CIRCUS PARADE'})",frozenset({'PLASTERS IN TIN SPACEBOY'}),0.14795918367346939,0.1377551020408163,0.07397959183673469,0.5,3.62962962962963,1.0,0.05359745939192004,1.7244897959183674,0.8502994011976048,0.3493975903614458,0.4201183431952663,0.5185185185185186
"frozenset({'POSTAGE', 'PLASTERS IN TIN WOODLAND ANIMALS'})",frozenset({'PLASTERS IN TIN CIRCUS PARADE'}),0.1377551020408163,0.1683673469387755,0.08418367346938775,0.6111111111111112,3.62962962962963,1.0,0.060990212411495215,2.1384839650145775,0.8402366863905327,0.3793103448275862,0.5323790047716429,0.5555555555555556
frozenset({'PLASTERS IN TIN WOODLAND ANIMALS'}),frozenset({'PLASTERS IN TIN CIRCUS PARADE'}),0.17091836734693877,0.1683673469387755,0.10204081632653061,0.5970149253731344,3.5459068294889193,1.0,0.0732637442732195,2.0636810279667426,0.8660000000000001,0.43010752688172044,0.515428990019229,0.6015377657168702
frozenset({'PLASTERS IN TIN CIRCUS PARADE'}),frozenset({'PLASTERS IN TIN WOODLAND ANIMALS'}),0.1683673469387755,0.17091836734693877,0.10204081632653061,0.6060606060606061,3.5459068294889193,1.0,0.0732637442732195,2.104591836734694,0.8633435582822085,0.43010752688172044,0.5248484848484849,0.6015377657168702
"frozenset({'POSTAGE', 'PLASTERS IN TIN CIRCUS PARADE'})",frozenset({'PLASTERS IN TIN WOODLAND ANIMALS'}),0.14795918367346939,0.17091836734693877,0.08418367346938775,0.5689655172413793,3.328872876994339,1.0,0.058894731361932524,1.9234693877551021,0.8210851025222283,0.358695652173913,0.480106100795756,0.5307514153371076
frozenset({'PLASTERS IN TIN WOODLAND ANIMALS'}),"frozenset({'POSTAGE', 'PLASTERS IN TIN CIRCUS PARADE'})",0.17091836734693877,0.14795918367346939,0.08418367346938775,0.4925373134328358,3.3288728769943385,1.0,0.058894731361932524,1.6790216086434573,0.8438228438228438,0.358695652173913,0.40441505049602283,0.5307514153371076
frozenset({'JUMBO BAG WOODLAND ANIMALS'}),frozenset({'POSTAGE'}),0.07653061224489796,0.7653061224489796,0.07653061224489796,1.0,1.3066666666666666,1.0,0.017961266139108707,inf,0.2541436464088398,0.1,1.0,0.55
frozenset({'POSTAGE'}),frozenset({'JUMBO BAG WOODLAND ANIMALS'}),0.7653061224489796,0.07653061224489796,0.07653061224489796,0.1,1.3066666666666666,1.0,0.017961266139108707,1.0260770975056688,1.0,0.1,0.025414364640883983,0.55
frozenset({'TEA PARTY BIRTHDAY CARD'}),frozenset({'POSTAGE'}),0.09438775510204081,0.7653061224489796,0.08928571428571429,0.945945945945946,1.2360360360360363,1.0,0.017050187421907545,4.341836734693887,0.21086519114688135,0.11589403973509935,0.7696827262044659,0.5313063063063064
frozenset({'POSTAGE'}),frozenset({'TEA PARTY BIRTHDAY CARD'}),0.7653061224489796,0.09438775510204081,0.08928571428571429,0.11666666666666667,1.236036036036036,1.0,0.017050187421907545,1.0252214093184444,0.8136645962732921,0.11589403973509935,0.02460093896713616,0.5313063063063064
frozenset({'POSTAGE'}),frozenset({'STRAWBERRY LUNCH BOX WITH CUTLERY'}),0.7653061224489796,0.12244897959183673,0.11479591836734694,0.15000000000000002,1.2250000000000003,1.0,0.021084964598084135,1.0324129651860745,0.782608695652174,0.1485148514851485,0.03139534883720933,0.54375
frozenset({'STRAWBERRY LUNCH BOX WITH CUTLERY'}),frozenset({'POSTAGE'}),0.12244897959183673,0.7653061224489796,0.11479591836734694,0.9375,1.225,1.0,0.021084964598084135,3.755102040816327,0.2093023255813954,0.1485148514851485,0.7336956521739131,0.54375
frozenset({'ROUND SNACK BOXES SET OF4 WOODLAND'}),frozenset({'POSTAGE'}),0.15816326530612246,0.7653061224489796,0.14795918367346939,0.9354838709677419,1.2223655913978495,1.0,0.026915868388171588,3.637755102040814,0.21609195402298845,0.19078947368421054,0.7251051893408132,0.5644086021505376
frozenset({'POSTAGE'}),frozenset({'ROUND SNACK BOXES SET OF4 WOODLAND'}),0.7653061224489796,0.15816326530612246,0.14795918367346939,0.19333333333333333,1.2223655913978493,1.0,0.026915868388171588,1.0435992578849722,0.7751124437781106,0.19078947368421054,0.04177777777777776,0.5644086021505376
frozenset({'POSTAGE'}),frozenset({'ALARM CLOCK BAKELIKE RED'}),0.7653061224489796,0.09438775510204081,0.08673469387755102,0.11333333333333334,1.200720720720721,1.0,0.014499167013744277,1.021367193493939,0.7122762148337597,0.11221122112211222,0.020920187793427244,0.5161261261261262
frozenset({'ALARM CLOCK BAKELIKE RED'}),frozenset({'POSTAGE'}),0.09438775510204081,0.7653061224489796,0.08673469387755102,0.918918918918919,1.200720720720721,1.0,0.014499167013744277,2.894557823129254,0.18458989229494618,0.11221122112211222,0.6545240893066983,0.5161261261261262
frozenset({'POSTAGE'}),"frozenset({'ALARM CLOCK BAKELIKE RED', 'ALARM CLOCK BAKELIKE GREEN'})",0.7653061224489796,0.07908163265306123,0.07142857142857142,0.09333333333333334,1.1802150537634408,1.0,0.010906913785922526,1.015718787515006,0.650621118012422,0.0924092409240924,0.015475530932594645,0.4982795698924731
"frozenset({'ALARM CLOCK BAKELIKE RED', 'ALARM CLOCK BAKELIKE GREEN'})",frozenset({'POSTAGE'}),0.07908163265306123,0.7653061224489796,0.07142857142857142,0.9032258064516128,1.1802150537634408,1.0,0.010906913785922526,2.425170068027208,0.16580925999208537,0.0924092409240924,0.5876577840112197,0.4982795698924731
frozenset({'ROUND SNACK BOXES SET OF 4 FRUITS'}),frozenset({'POSTAGE'}),0.10714285714285714,0.7653061224489796,0.09438775510204081,0.8809523809523809,1.1511111111111112,1.0,0.012390670553935862,1.9714285714285713,0.14702702702702705,0.12131147540983607,0.49275362318840576,0.5021428571428571
frozenset({'POSTAGE'}),frozenset({'ROUND SNACK BOXES SET OF 4 FRUITS'}),0.7653061224489796,0.10714285714285714,0.09438775510204081,0.12333333333333334,1.1511111111111112,1.0,0.012390670553935862,1.0184682237914178,0.5593419506462985,0.12131147540983607,0.01813333333333334,0.5021428571428571
frozenset({'POSTAGE'}),frozenset({'PLASTERS IN TIN CIRCUS PARADE'}),0.7653061224489796,0.1683673469387755,0.14795918367346939,0.19333333333333333,1.1482828282828283,1.0,0.019106622240733034,1.0309495699106088,0.550224887556222,0.18831168831168832,0.030020449897750517,0.536060606060606
frozenset({'PLASTERS IN TIN CIRCUS PARADE'}),frozenset({'POSTAGE'}),0.1683673469387755,0.7653061224489796,0.14795918367346939,0.8787878787878788,1.1482828282828283,1.0,0.019106622240733034,1.9362244897959187,0.15527818912629582,0.18831168831168832,0.4835309617918314,0.536060606060606
frozenset({'RABBIT NIGHT LIGHT'}),frozenset({'POSTAGE'}),0.18877551020408162,0.7653061224489796,0.16581632653061223,0.8783783783783784,1.1477477477477478,1.0,0.02134527280299875,1.9297052154195018,0.15868408321238509,0.21035598705501618,0.48178613396004716,0.5475225225225225
frozenset({'POSTAGE'}),frozenset({'RABBIT NIGHT LIGHT'}),0.7653061224489796,0.18877551020408162,0.16581632653061223,0.21666666666666667,1.1477477477477478,1.0,0.02134527280299875,1.0356057316543639,0.5484949832775919,0.21035598705501618,0.03438155136268346,0.5475225225225225
frozenset({'POSTAGE'}),frozenset({'PAPER BUNTING RETROSPOT'}),0.7653061224489796,0.08163265306122448,0.07142857142857142,0.09333333333333334,1.1433333333333335,1.0,0.008954602249062894,1.012905162064826,0.53416149068323,0.09210526315789473,0.012740740740740752,0.4841666666666667
frozenset({'PAPER BUNTING RETROSPOT'}),frozenset({'POSTAGE'}),0.08163265306122448,0.7653061224489796,0.07142857142857142,0.875,1.1433333333333333,1.0,0.008954602249062894,1.8775510204081636,0.13650793650793658,0.09210526315789473,0.46739130434782616,0.4841666666666667
frozenset({'POSTAGE'}),frozenset({'ALARM CLOCK BAKELIKE PINK'}),0.7653061224489796,0.10204081632653061,0.08928571428571429,0.11666666666666667,1.1433333333333333,1.0,0.011193252811328616,1.0165575664227955,0.5341614906832299,0.11475409836065575,0.01628787878787879,0.49583333333333335
frozenset({'ALARM CLOCK BAKELIKE PINK'}),frozenset({'POSTAGE'}),0.10204081632653061,0.7653061224489796,0.08928571428571429,0.875,1.1433333333333333,1.0,0.011193252811328616,1.8775510204081636,0.13961038961038966,0.11475409836065575,0.46739130434782616,0.49583333333333335
frozenset({'RED TOADSTOOL LED NIGHT LIGHT'}),frozenset({'POSTAGE'}),0.18112244897959184,0.7653061224489796,0.15816326530612246,0.8732394366197184,1.1410328638497653,1.0,0.0195491461890879,1.8514739229024955,0.15093960405989362,0.20064724919093854,0.4598897734231479,0.5399530516431925
frozenset({'POSTAGE'}),frozenset({'RED TOADSTOOL LED NIGHT LIGHT'}),0.7653061224489796,0.18112244897959184,0.15816326530612246,0.2066666666666667,1.1410328638497653,1.0,0.0195491461890879,1.0321985937232037,0.5266479663394114,0.20064724919093854,0.031194184839044677,0.5399530516431925
frozenset({'POSTAGE'}),frozenset({'LUNCH BAG WOODLAND'}),0.7653061224489796,0.11734693877551021,0.10204081632653061,0.13333333333333333,1.136231884057971,1.0,0.012234485630987085,1.0184458398744114,0.5108695652173911,0.13071895424836602,0.01811175337186897,0.5014492753623189
frozenset({'LUNCH BAG WOODLAND'}),frozenset({'POSTAGE'}),0.11734693877551021,0.7653061224489796,0.10204081632653061,0.8695652173913043,1.136231884057971,1.0,0.012234485630987085,1.7993197278911564,0.1358381502890173,0.13071895424836602,0.44423440453686197,0.5014492753623189
frozenset({'ALARM CLOCK BAKELIKE GREEN'}),frozenset({'POSTAGE'}),0.09693877551020408,0.7653061224489796,0.08418367346938775,0.868421052631579,1.1347368421052633,1.0,0.00999583506872137,1.7836734693877558,0.13148433487416544,0.1081967213114754,0.439359267734554,0.4892105263157895
frozenset({'POSTAGE'}),frozenset({'ALARM CLOCK BAKELIKE GREEN'}),0.7653061224489796,0.09693877551020408,0.08418367346938775,0.11,1.1347368421052633,1.0,0.00999583506872137,1.0146755331346022,0.5059288537549409,0.1081967213114754,0.014463276836158195,0.4892105263157895
frozenset({'POSTAGE'}),frozenset({'SET/6 RED SPOTTY PAPER CUPS'}),0.7653061224489796,0.1377551020408163,0.11734693877551021,0.15333333333333335,1.1130864197530868,1.0,0.011922115785089574,1.0183994857785634,0.4328922495274111,0.14935064935064937,0.018067061143984254,0.5025925925925927
frozenset({'SET/6 RED SPOTTY PAPER CUPS'}),frozenset({'POSTAGE'}),0.1377551020408163,0.7653061224489796,0.11734693877551021,0.851851851851852,1.1130864197530865,1.0,0.011922115785089574,1.5841836734693893,0.11782865963467998,0.14935064935064937,0.36876006441223896,0.5025925925925927
frozenset({'POSTAGE'}),frozenset({'RED RETROSPOT CHARLOTTE BAG'}),0.7653061224489796,0.09693877551020408,0.08163265306122448,0.10666666666666666,1.1003508771929824,1.0,0.007444814660558102,1.0108894303990255,0.3885869565217392,0.1045751633986928,0.010772128060263649,0.4743859649122807
frozenset({'RED RETROSPOT CHARLOTTE BAG'}),frozenset({'POSTAGE'}),0.09693877551020408,0.7653061224489796,0.08163265306122448,0.8421052631578947,1.1003508771929824,1.0,0.007444814660558102,1.486394557823129,0.10098870056497176,0.1045751633986928,0.3272311212814644,0.4743859649122807
frozenset({'JUMBO BAG RED RETROSPOT'}),frozenset({'POSTAGE'}),0.09693877551020408,0.7653061224489796,0.08163265306122448,0.8421052631578947,1.1003508771929824,1.0,0.007444814660558102,1.486394557823129,0.10098870056497176,0.1045751633986928,0.3272311212814644,0.4743859649122807
frozenset({'POSTAGE'}),frozenset({'JUMBO BAG RED RETROSPOT'}),0.7653061224489796,0.09693877551020408,0.08163265306122448,0.10666666666666666,1.1003508771929824,1.0,0.007444814660558102,1.0108894303990255,0.3885869565217392,0.1045751633986928,0.010772128060263649,0.4743859649122807
frozenset({'SET/6 RED SPOTTY PAPER PLATES'}),frozenset({'POSTAGE'}),0.12755102040816327,0.7653061224489796,0.10714285714285714,0.84,1.0976,1.0,0.009527280299875054,1.4668367346938775,0.10192147034252301,0.13636363636363635,0.3182608695652174,0.49
frozenset({'POSTAGE'}),frozenset({'SET/6 RED SPOTTY PAPER PLATES'}),0.7653061224489796,0.12755102040816327,0.10714285714285714,0.13999999999999999,1.0976,1.0,0.009527280299875054,1.0144755576649265,0.3788819875776398,0.13636363636363635,0.014269005847953197,0.49
frozenset({'LUNCH BAG APPLE DESIGN'}),frozenset({'POSTAGE'}),0.125,0.7653061224489796,0.10459183673469388,0.8367346938775511,1.0933333333333335,1.0,0.008928571428571438,1.4375000000000007,0.0975609756097562,0.13311688311688313,0.3043478260869568,0.4867006802721089
frozenset({'POSTAGE'}),frozenset({'LUNCH BAG APPLE DESIGN'}),0.7653061224489796,0.125,0.10459183673469388,0.1366666666666667,1.0933333333333335,1.0,0.008928571428571438,1.0135135135135136,0.36373276776246055,0.13311688311688313,0.013333333333333355,0.4867006802721089
frozenset({'REGENCY CAKESTAND 3 TIER'}),frozenset({'POSTAGE'}),0.125,0.7653061224489796,0.10459183673469388,0.8367346938775511,1.0933333333333335,1.0,0.008928571428571438,1.4375000000000007,0.0975609756097562,0.13311688311688313,0.3043478260869568,0.4867006802721089
frozenset({'POSTAGE'}),frozenset({'REGENCY CAKESTAND 3 TIER'}),0.7653061224489796,0.125,0.10459183673469388,0.1366666666666667,1.0933333333333335,1.0,0.008928571428571438,1.0135135135135136,0.36373276776246055,0.13311688311688313,0.013333333333333355,0.4867006802721089
frozenset({'RED RETROSPOT MINI CASES'}),frozenset({'POSTAGE'}),0.1377551020408163,0.7653061224489796,0.11479591836734694,0.8333333333333335,1.0888888888888892,1.0,0.009371095376926306,1.408163265306124,0.094674556213018,0.14563106796116507,0.28985507246376885,0.49166666666666675
frozenset({'POSTAGE'}),frozenset({'RED RETROSPOT MINI CASES'}),0.7653061224489796,0.1377551020408163,0.11479591836734694,0.15000000000000002,1.0888888888888892,1.0,0.009371095376926306,1.014405762304922,0.3478260869565226,0.14563106796116507,0.014201183431952704,0.49166666666666675
frozenset({'PLASTERS IN TIN SPACEBOY'}),frozenset({'POSTAGE'}),0.1377551020408163,0.7653061224489796,0.11479591836734694,0.8333333333333335,1.0888888888888892,1.0,0.009371095376926306,1.408163265306124,0.094674556213018,0.14563106796116507,0.28985507246376885,0.49166666666666675
frozenset({'POSTAGE'}),frozenset({'PLASTERS IN TIN SPACEBOY'}),0.7653061224489796,0.1377551020408163,0.11479591836734694,0.15000000000000002,1.0888888888888892,1.0,0.009371095376926306,1.014405762304922,0.3478260869565226,0.14563106796116507,0.014201183431952704,0.49166666666666675
"frozenset({'SET/6 RED SPOTTY PAPER CUPS', 'SET/6 RED SPOTTY PAPER PLATES'})",frozenset({'POSTAGE'}),0.12244897959183673,0.7653061224489796,0.10204081632653061,0.8333333333333334,1.088888888888889,1.0,0.008329862557267809,1.408163265306123,0.09302325581395353,0.12987012987012989,0.2898550724637684,0.48333333333333334
frozenset({'POSTAGE'}),"frozenset({'SET/6 RED SPOTTY PAPER CUPS', 'SET/6 RED SPOTTY PAPER PLATES'})",0.7653061224489796,0.12244897959183673,0.10204081632653061,0.13333333333333333,1.0888888888888888,1.0,0.008329862557267809,1.0125588697017267,0.34782608695652184,0.12987012987012989,0.0124031007751938,0.48333333333333334
"frozenset({'PLASTERS IN TIN SPACEBOY', 'PLASTERS IN TIN CIRCUS PARADE'})",frozenset({'POSTAGE'}),0.08928571428571429,0.7653061224489796,0.07397959183673469,0.8285714285714285,1.0826666666666667,1.0,0.005648688046647227,1.3690476190476188,0.083840432724814,0.09477124183006537,0.26956521739130423,0.4626190476190476
frozenset({'POSTAGE'}),"frozenset({'PLASTERS IN TIN SPACEBOY', 'PLASTERS IN TIN CIRCUS PARADE'})",0.7653061224489796,0.08928571428571429,0.07397959183673469,0.09666666666666666,1.0826666666666667,1.0,0.005648688046647227,1.0081707959936743,0.32533733133433257,0.09477124183006537,0.008104575163398688,0.4626190476190476
frozenset({'POSTAGE'}),frozenset({'SET/20 RED RETROSPOT PAPER NAPKINS'}),0.7653061224489796,0.1326530612244898,0.1096938775510204,0.14333333333333334,1.0805128205128205,1.0,0.008173677634319032,1.0124672437068212,0.31749241658240634,0.13915857605177995,0.012313725490196077,0.4851282051282051
frozenset({'SET/20 RED RETROSPOT PAPER NAPKINS'}),frozenset({'POSTAGE'}),0.1326530612244898,0.7653061224489796,0.1096938775510204,0.8269230769230769,1.0805128205128205,1.0,0.008173677634319032,1.3560090702947845,0.0859097127222982,0.13915857605177995,0.26254180602006677,0.4851282051282051
frozenset({'POSTAGE'}),"frozenset({'SET/6 RED SPOTTY PAPER PLATES', 'SET/20 RED RETROSPOT PAPER NAPKINS'})",0.7653061224489796,0.10204081632653061,0.08418367346938775,0.11,1.078,1.0,0.00609121199500208,1.008942903003898,0.3083003952569169,0.10749185667752442,0.008863636363636362,0.46749999999999997
"frozenset({'SET/6 RED SPOTTY PAPER PLATES', 'SET/20 RED RETROSPOT PAPER NAPKINS'})",frozenset({'POSTAGE'}),0.10204081632653061,0.7653061224489796,0.08418367346938775,0.825,1.078,1.0,0.00609121199500208,1.3411078717201166,0.08057851239669418,0.10749185667752442,0.25434782608695644,0.46749999999999997
frozenset({'POSTAGE'}),"frozenset({'SET/6 RED SPOTTY PAPER CUPS', 'SET/20 RED RETROSPOT PAPER NAPKINS'})",0.7653061224489796,0.10204081632653061,0.08418367346938775,0.11,1.078,1.0,0.00609121199500208,1.008942903003898,0.3083003952569169,0.10749185667752442,0.008863636363636362,0.46749999999999997
"frozenset({'SET/6 RED SPOTTY PAPER CUPS', 'SET/20 RED RETROSPOT PAPER NAPKINS'})",frozenset({'POSTAGE'}),0.10204081632653061,0.7653061224489796,0.08418367346938775,0.825,1.078,1.0,0.00609121199500208,1.3411078717201166,0.08057851239669418,0.10749185667752442,0.25434782608695644,0.46749999999999997
frozenset({'PACK OF 72 RETROSPOT CAKE CASES'}),frozenset({'POSTAGE'}),0.10204081632653061,0.7653061224489796,0.08418367346938775,0.825,1.078,1.0,0.00609121199500208,1.3411078717201166,0.08057851239669418,0.10749185667752442,0.25434782608695644,0.46749999999999997
frozenset({'POSTAGE'}),frozenset({'PACK OF 72 RETROSPOT CAKE CASES'}),0.7653061224489796,0.10204081632653061,0.08418367346938775,0.11,1.078,1.0,0.00609121199500208,1.008942903003898,0.3083003952569169,0.10749185667752442,0.008863636363636362,0.46749999999999997
"frozenset({'PLASTERS IN TIN WOODLAND ANIMALS', 'PLASTERS IN TIN CIRCUS PARADE'})",frozenset({'POSTAGE'}),0.10204081632653061,0.7653061224489796,0.08418367346938775,0.825,1.078,1.0,0.00609121199500208,1.3411078717201166,0.08057851239669418,0.10749185667752442,0.25434782608695644,0.46749999999999997
frozenset({'POSTAGE'}),"frozenset({'PLASTERS IN TIN WOODLAND ANIMALS', 'PLASTERS IN TIN CIRCUS PARADE'})",0.7653061224489796,0.10204081632653061,0.08418367346938775,0.11,1.078,1.0,0.00609121199500208,1.008942903003898,0.3083003952569169,0.10749185667752442,0.008863636363636362,0.46749999999999997
"frozenset({'SET/6 RED SPOTTY PAPER CUPS', 'SET/6 RED SPOTTY PAPER PLATES', 'SET/20 RED RETROSPOT PAPER NAPKINS'})",frozenset({'POSTAGE'}),0.09948979591836735,0.7653061224489796,0.08163265306122448,0.8205128205128205,1.0721367521367522,1.0,0.00549250312369845,1.3075801749271136,0.0747167138810197,0.10423452768729641,0.23522853957636566,0.4635897435897436
frozenset({'POSTAGE'}),"frozenset({'SET/6 RED SPOTTY PAPER CUPS', 'SET/6 RED SPOTTY PAPER PLATES', 'SET/20 RED RETROSPOT PAPER NAPKINS'})",0.7653061224489796,0.09948979591836735,0.08163265306122448,0.10666666666666666,1.072136752136752,1.0,0.00549250312369845,1.008033810539141,0.2866847826086952,0.10423452768729641,0.00796978281397544,0.4635897435897436
frozenset({'PLASTERS IN TIN WOODLAND ANIMALS'}),frozenset({'POSTAGE'}),0.17091836734693877,0.7653061224489796,0.1377551020408163,0.8059701492537313,1.053134328358209,1.0,0.00695022907122031,1.209576138147567,0.06085470085470073,0.17252396166134185,0.17326411421155105,0.4929850746268657
frozenset({'POSTAGE'}),frozenset({'PLASTERS IN TIN WOODLAND ANIMALS'}),0.7653061224489796,0.17091836734693877,0.1377551020408163,0.18,1.0531343283582089,1.0,0.00695022907122031,1.0110751617720257,0.21497584541062753,0.17252396166134185,0.01095384615384615,0.4929850746268657
frozenset({'POSTAGE'}),"frozenset({'PLASTERS IN TIN SPACEBOY', 'PLASTERS IN TIN WOODLAND ANIMALS'})",0.7653061224489796,0.10459183673469388,0.08418367346938775,0.11,1.0517073170731708,1.0,0.0041389004581424416,1.0060765879385463,0.20948616600790518,0.10714285714285714,0.006039886039886035,0.45743902439024386
"frozenset({'PLASTERS IN TIN SPACEBOY', 'PLASTERS IN TIN WOODLAND ANIMALS'})",frozenset({'POSTAGE'}),0.10459183673469388,0.7653061224489796,0.08418367346938775,0.8048780487804877,1.0517073170731708,1.0,0.0041389004581424416,1.2028061224489794,0.054908054908054914,0.10714285714285714,0.1686108165429479,0.45743902439024386
frozenset({'POSTAGE'}),frozenset({'LUNCH BOX WITH CUTLERY RETROSPOT'}),0.7653061224489796,0.14285714285714285,0.11479591836734694,0.15000000000000002,1.0500000000000003,1.0,0.005466472303207015,1.008403361344538,0.20289855072463833,0.14469453376205788,0.008333333333333368,0.4767857142857143
frozenset({'LUNCH BOX WITH CUTLERY RETROSPOT'}),frozenset({'POSTAGE'}),0.14285714285714285,0.7653061224489796,0.11479591836734694,0.8035714285714286,1.05,1.0,0.005466472303207015,1.1948051948051952,0.05555555555555573,0.14469453376205788,0.16304347826086985,0.4767857142857143
frozenset({'POSTAGE'}),frozenset({'LUNCH BAG RED RETROSPOT'}),0.7653061224489796,0.15306122448979592,0.12244897959183673,0.16,1.0453333333333332,1.0,0.0053102873802582246,1.0082604470359573,0.1847826086956521,0.15384615384615385,0.00819277108433735,0.48
frozenset({'LUNCH BAG RED RETROSPOT'}),frozenset({'POSTAGE'}),0.15306122448979592,0.7653061224489796,0.12244897959183673,0.7999999999999999,1.0453333333333332,1.0,0.0053102873802582246,1.173469387755102,0.051204819277108425,0.15384615384615385,0.1478260869565216,0.48
frozenset({'POSTAGE'}),frozenset({'MINI PAINT SET VINTAGE'}),0.7653061224489796,0.10459183673469388,0.08163265306122448,0.10666666666666666,1.0198373983739837,1.0,0.0015878800499791734,1.0023225708193726,0.08288043478260859,0.1035598705501618,0.002317188983855637,0.4435772357723577
frozenset({'MINI PAINT SET VINTAGE'}),frozenset({'POSTAGE'}),0.10459183673469388,0.7653061224489796,0.08163265306122448,0.7804878048780487,1.0198373983739837,1.0,0.0015878800499791734,1.0691609977324261,0.021723646723646697,0.1035598705501618,0.06468716861081635,0.4435772357723577
frozenset({'SPACEBOY LUNCH BOX'}),frozenset({'POSTAGE'}),0.125,0.7653061224489796,0.09693877551020408,0.7755102040816326,1.0133333333333334,1.0,0.001275510204081634,1.0454545454545454,0.015037593984962423,0.12218649517684889,0.04347826086956526,0.45108843537414967
frozenset({'POSTAGE'}),frozenset({'SPACEBOY LUNCH BOX'}),0.7653061224489796,0.125,0.09693877551020408,0.12666666666666668,1.0133333333333334,1.0,0.001275510204081634,1.001908396946565,0.05606407322654467,0.12218649517684889,0.0019047619047619171,0.45108843537414967
frozenset({'POSTAGE'}),frozenset({'LUNCH BAG SPACEBOY DESIGN'}),0.7653061224489796,0.11989795918367346,0.09183673469387756,0.12000000000000001,1.0008510638297874,1.0,7.809246147440219e-05,1.0001159554730983,0.0036231884057978665,0.11575562700964633,0.00011594202898552441,0.44297872340425537
frozenset({'LUNCH BAG SPACEBOY DESIGN'}),frozenset({'POSTAGE'}),0.11989795918367346,0.7653061224489796,0.09183673469387756,0.7659574468085107,1.0008510638297874,1.0,7.809246147440219e-05,1.0027829313543606,0.0009661835748794314,0.11575562700964633,0.0027752081406111624,0.44297872340425537
